Name,ID,Smiles
PD-173074,1401,CCN(CC)CCCCNc1ncc2cc(-c3cc(OC)cc(OC)c3)c(NC(=O)NC(C)(C)C)nc2n1
Bicalutamide,2375,CC(O)(CS(=O)(=O)c1ccc(F)cc1)C(=O)Nc1ccc(C#N)c(C(F)(F)F)c1
Embelin,3218,CCCCCCCCCCCC1=C(O)C(=O)C=C(O)C1=O
5-Fluorouracil,3385,O=c1[nH]cc(F)c(=O)[nH]1
KIN001-055,3796,COc1cc2ncnc(Nc3cc(Br)c(O)c(Br)c3)c2cc1OC
MS-275,4261,Nc1ccccc1NC(=O)c1ccc(CNC(=O)OCc2cccnc2)cc1
Shikonin,5208,CC(C)=CCC(O)C1=CC(=O)c2c(O)ccc(O)c2C1=O
Imatinib,5291,Cc1ccc(NC(=O)c2ccc(CN3CCN(C)CC3)cc2)cc1Nc1nccc(-c2cccnc2)n1
Vorinostat,5311,O=C(CCCCCCC(=O)Nc1ccccc1)NO
Temozolomide,5394,Cn1nnc2c(C(N)=O)ncn2c1=O
Mitomycin C,5746,CO[C@@]12[C@H](COC(N)=O)C3=C(C(=O)C(C)=C(N)C3=O)N1C[C@@H]1N[C@@H]12
Cytarabine,6253,Nc1ccn([C@@H]2O[C@H](CO)[C@@H](O)[C@@H]2O)c(=O)n1
Phenformin,8249,NC(N)=N/C(N)=N/CCc1ccccc1
Camptothecin,24360,CC[C@@]1(O)C(=O)OCc2c1cc1n(c2=O)Cc2cc3ccccc3nc2-1
Doxorubicin,31703,COc1cccc2c1C(=O)c1c(O)c3c(c(O)c1C2=O)C[C@@](O)(C(=O)CO)C[C@@H]3O[C@H]1C[C@H](N)[C@H](O)[C@H](C)O1
Etoposide,36462,COc1cc([C@@H]2c3cc4c(cc3[C@@H](O[C@@H]3O[C@@H]5CO[C@@H](C)O[C@H]5[C@H](O)[C@H]3O)[C@H]3COC(=O)[C@H]23)OCO4)cc(OC)c1O
NSC-207895,42640,CN1CCN(c2ccc([N+](=O)[O-])c3no[n+]([O-])c23)CC1
Gemcitabine,60750,Nc1ccn([C@@H]2O[C@H](CO)[C@@H](O)C2(F)F)c(=O)n1
AICAR,65110,NC(=O)c1ncn([C@@H]2O[C@H](COP(=O)(O)O)[C@@H](O)[C@H]2O)c1N
S-Trityl-L-cysteine,76044,N[C@@H](CSC(c1ccccc1)(c1ccccc1)c1ccccc1)C(=O)O
Bexarotene,82146,C=C(c1ccc(C(=O)O)cc1)c1cc2c(cc1C)C(C)(C)CCC2(C)C
Cisplatin,84691,N.N.[Cl-].[Cl-].[Pt+2]
NSC-87877,92577,O=S(=O)(O)c1ccc2cc(/N=N/c3cc(S(=O)(=O)O)c4cccnc4c3O)ccc2c1
SN-38,104842,CCc1c2c(nc3ccc(O)cc13)-c1cc3c(c(=O)n1C2)COC(=O)[C@]3(O)CC
Gefitinib,123631,COc1cc2ncnc(Nc3ccc(F)c(Cl)c3)c2cc1OCCCN1CCOCC1
CEP-701,126565,C[C@]12O[C@H](C[C@]1(O)CO)n1c3ccccc3c3c4c(c5c6ccccc6n2c5c31)CNC4=O
Methotrexate,126941,CN(Cc1cnc2nc(N)nc(N)c2n1)c1ccc(C(=O)N[C@@H](CCC(=O)O)C(=O)O)cc1
Docetaxel,148124,CC(=O)O[C@@]12CO[C@@H]1C[C@H](O)[C@@]1(C)C(=O)[C@H](O)C3=C(C)[C@@H](OC(=O)[C@H](O)[C@@H](NC(=O)OC(C)(C)C)c4ccccc4)C[C@@](O)([C@@H](OC(=O)c4ccccc4)[C@H]21)C3(C)C
BIRB 0796,156422,Cc1ccc(-n2nc(C(C)(C)C)cc2NC(=O)Nc2ccc(OCCN3CCOCC3)c3ccccc23)cc1
Tipifarnib,159324,Cn1cncc1[C@@](N)(c1ccc(Cl)cc1)c1ccc2c(c1)c(-c1cccc(Cl)c1)cc(=O)n2C
SB 216763,176158,Cn1cc(C2=C(c3ccc(Cl)cc3Cl)C(=O)NC2=O)c2ccccc21
LY317615,176167,Cn1cc(C2=C(c3cn(C4CCN(Cc5ccccn5)CC4)c4ccccc34)C(=O)NC2=O)c2ccccc21
Erlotinib,176870,C#Cc1cccc(Nc2ncnc3cc(OCCOC)c(OCCOC)cc23)c1
Lapatinib,208908,CS(=O)(=O)CCNCc1ccc(-c2ccc3ncnc(Nc4ccc(OCc5cccc(F)c5)c(Cl)c4)c3c2)o1
Sorafenib,216239,CNC(=O)c1cc(Oc2ccc(NC(=O)Nc3ccc(Cl)c(C(F)(F)F)c3)cc2)ccn1
Lenalidomide,216326,Nc1cccc2c1CN(C1CCC(=O)NC1=O)C2=O
Elesclomol,300471,CN(NC(=O)CC(=O)NN(C)C(=S)c1ccccc1)C(=S)c1ccccc1
Bortezomib,387447,CC(C)C[C@H](NC(=O)[C@H](Cc1ccccc1)NC(=O)c1cnccn1)B(O)O
Cyclopamine,442972,CC1=C2C[C@H]3[C@@H](CC=C4C[C@@H](O)CC[C@@]43C)[C@@H]2CC[C@]12O[C@@H]1C[C@H](C)CN[C@H]1[C@H]2C
ATRA,444795,CC1=C(/C=C/C(C)=C/C=C/C(C)=C/C(=O)O)C(C)(C)CCC1
Thapsigargin,446378,C/C=C(/C)C(=O)O[C@H]1C(C)=C2[C@H]([C@@H]1OC(=O)CCCCCCC)[C@@](C)(OC(C)=O)C[C@H](OC(=O)CCC)[C@@]1(O)[C@H]2OC(=O)[C@@]1(C)O
T0901317,447912,O=S(=O)(c1ccccc1)N(CC(F)(F)F)c1ccc(C(O)(C(F)(F)F)C(F)(F)F)cc1
Epothilone B,448013,C/C(=C\c1csc(C)n1)[C@@H]1C[C@@H]2O[C@]2(C)CCC[C@H](C)[C@H](O)[C@@H](C)C(=O)C(C)(C)[C@@H](O)CC(=O)O1
MG-132,462382,CC(C)C[C@@H](C=O)NC(=O)[C@H](CC(C)C)NC(=O)[C@H](CC(C)C)NC(=O)OCc1ccccc1
IPA-3,521106,Oc1ccc2ccccc2c1SSc1c(O)ccc2ccccc12
DMOG,560326,COC(=O)CNC(=O)C(=O)OC
piperlongumine,637858,COc1cc(/C=C/C(=O)N2CCC=CC2=O)cc(OC)c1OC
Nilotinib,644241,Cc1cn(-c2cc(NC(=O)c3ccc(C)c(Nc4nccc(-c5cccnc5)n4)c3)cc(C(F)(F)F)c2)cn1
STF-62247,704473,Cc1cccc(Nc2nc(-c3ccncc3)cs2)c1
CCT018159,984170,CCc1cc(-c2n[nH]c(C)c2-c2ccc3c(c2)OCCO3)c(O)cc1O
Tubastatin A,1313610,COc1ccc(NC(=O)COc2cc(C)c(Cl)c(C)c2Cl)cc1
CCT007093,2314623,O=C1/C(=C/c2cccs2)CC/C1=C\c1cccs1
Tamoxifen,2733526,CC/C(=C(\c1ccccc1)c1ccc(OCCN(C)C)cc1)c1ccccc1
FTI-277,3005532,COC(=O)[C@H](CCSC)NC(=O)c1ccc(NC[C@@H](N)CS)cc1-c1ccccc1
Dasatinib,3062316,Cc1nc(Nc2ncc(C(=O)Nc3c(C)cccc3Cl)s2)cc(N2CCN(CCO)CC2)n1
FH535,3463933,Cc1cc([N+](=O)[O-])ccc1NS(=O)(=O)c1cc(Cl)ccc1Cl
QS11,4263900,COc1cc2c(cc1OC)CN(C(C)C(=O)Nc1cc([N+](=O)[O-])ccc1Cl)CC2
EX-527,5113032,NC(=O)C1CCCc2c1[nH]c1ccc(Cl)cc21
KU-55933,5278396,O=c1cc(-c2cccc3c2Sc2ccccc2S3)oc(N2CCOCC2)c1
Bryostatin 1,5280757,CCC/C=C/C=C/C(=O)O[C@H]1/C(=C/C(=O)OC)C[C@H]2C[C@H]([C@@H](C)O)OC(=O)C[C@H](O)C[C@@H]3C[C@H](OC(C)=O)C(C)(C)[C@](O)(C[C@@H]4C/C(=C/C(=O)OC)C[C@H](/C=C/C(C)(C)[C@]1(O)O2)O4)O3
AS605240,5289247,O=C1NC(=O)/C(=C/c2ccc3nccnc3c2)S1
Vinorelbine,5311497,CCC1=C[C@@H]2CN(C1)Cc1c([nH]c3ccccc13)[C@@](C(=O)OC)(c1cc3c(cc1OC)N(C)[C@H]1[C@@](O)(C(=O)OC)[C@H](OC(C)=O)[C@]4(CC)C=CCN5CC[C@]31[C@@H]54)C2
GNF-2,5311510,NC(=O)c1cccc(-c2cc(Nc3ccc(OC(F)(F)F)cc3)ncn2)c1
Bosutinib,5328940,COc1cc(Nc2c(C#N)cnc3cc(OCCCN4CCN(C)CC4)c(OC)cc23)c(Cl)cc1Cl
Sunitinib,5329102,CCN(CC)CCNC(=O)c1c(C)[nH]c(/C=C2\C(=O)Nc3ccc(F)cc32)c1C
PD-0332991,5330286,CC(=O)c1c(C)c2cnc(Nc3ccc(N4CCNCC4)cn3)nc2n(C2CCCC2)c1=O
Bleomycin,5360373,Cc1c(N)nc([C@H](CC(N)=O)NC[C@H](N)C(N)=O)nc1C(=O)N[C@H](C(=O)N[C@H](C)[C@@H](O)[C@H](C)C(=O)N[C@H](C(=O)NCCc1nc(-c2nc(C(=O)NCCC[S+](C)C)cs2)cs1)[C@@H](C)O)[C@@H](OC1OC(CO)C(O)C(O)C1OC1OC(CO)C(O)C(OC(N)=O)C1O)c1cnc[nH]1
Bleomycin (50 uM),5460769,Cc1c(N)nc([C@H](CC(N)=O)NC[C@H](N)C(N)=O)nc1C(=O)N[C@H](C(=O)N[C@H](C)[C@@H](O)[C@H](C)C(=O)N[C@H](C(=O)NCCc1nc(-c2nc(C(=O)NCCC[S+](C)C)cs2)cs1)[C@@H](C)O)[C@@H](O[C@@H]1O[C@@H](CO)[C@@H](O)[C@H](O)[C@@H]1O[C@H]1O[C@H](CO)[C@@H](O)[C@H](OC(N)=O)[C@@H]1O)c1cnc[nH]1
Salubrinal,5717801,O=C(/C=C/c1ccccc1)NC(NC(=S)Nc1cccc2cccnc12)C(Cl)(Cl)Cl
LAQ824,6445533,O=C(/C=C/c1ccc(CN(CCO)CCc2c[nH]c3ccccc23)cc1)NO
EKB-569,6445562,CCOc1cc2ncc(C#N)c(Nc3ccc(F)c(Cl)c3)c2cc1NC(=O)/C=C/CN(C)C
Axitinib,6450551,CNC(=O)c1ccccc1Sc1ccc2c(/C=C/c3ccccn3)n[nH]c2c1
Ispinesib Mesylate,6450816,CS(=O)(=O)O.Cc1ccc(C(=O)N(CCCN)[C@@H](c2nc3cc(Cl)ccc3c(=O)n2Cc2ccccc2)C(C)C)cc1
17-AAG,6505803,C=CCNC1=C2C[C@@H](C)C[C@H](OC)[C@H](O)[C@@H](C)/C=C(\C)[C@H](OC(N)=O)[C@@H](OC)/C=C\C=C(/C)C(=O)NC(=CC1=O)C2=O
Vinblastine,6710780,CC[C@]1(O)CC2CN(CCc3c([nH]c4ccccc34)[C@@](C(=O)OC)(c3cc4c(cc3OC)N(C)[C@H]3[C@@](O)(C(=O)OC)[C@H](OC(C)=O)[C@]5(CC)C=CCN6CC[C@]43[C@@H]65)C2)C1
PIK-93,6852167,CC(=O)Nc1nc(C)c(-c2ccc(Cl)c(S(=O)(=O)NCCO)c2)s1
FK866,6914657,O=C(/C=C/c1cccnc1)NCCCCC1CCN(C(=O)c2ccccc2)CC1
Temsirolimus,6918289,CO[C@H]1C[C@@H]2CC[C@@H](C)[C@@](O)(O2)C(=O)C(=O)N2CCCC[C@H]2C(=O)O[C@H]([C@H](C)C[C@@H]2CC[C@@H](OC(=O)C(C)(CO)CO)[C@H](OC)C2)CC(=O)[C@H](C)/C=C(\C)[C@@H](O)[C@@H](OC)C(=O)[C@H](C)C[C@H](C)/C=C\C=C\C=C\1C
CI-1040,6918454,O=C(NOCC1CC1)c1ccc(F)c(F)c1Nc1ccc(I)cc1Cl
Belinostat,6918638,O=C(/C=C/c1cccc(S(=O)(=O)Nc2ccccc2)c1)NO
AR-42,6918848,CC(C)[C@H](C(=O)Nc1ccc(C(=O)NO)cc1)c1ccccc1
Parthenolide,7251185,C=C1C(=O)O[C@@H]2[C@H]3O[C@]3(C)CC/C=C(\C)CC[C@@H]12
RO-3306,9453561,NC(=O)c1ccsc1NC(=O)Cn1cnc2ccsc2c1=O
A-770041,9549184,COc1cc(-c2nn(C3CCC(N4CCN(C(C)=O)CC4)CC3)c3ncnc(N)c23)ccc1NC(=O)c1cc2ccccc2n1C
Y-39983,9810884,C[C@@H](N)c1ccc(C(=O)Nc2ccnc3[nH]ccc23)cc1
BMS345541,9813758,Cc1ccc2nc(NCCN)c3ncc(C)n3c2c1
PD-0325901,9826528,O=C(NOC[C@H](O)CO)c1ccc(F)c(F)c1Nc1ccc(I)cc1F
Midostaurin,9829523,CO[C@@H]1[C@H](N(C)C(=O)c2ccccc2)C[C@H]2O[C@]1(C)n1c3ccccc3c3c4c(c5c6ccccc6n2c5c31)C(=O)NC4
SB 505124,9858940,Cc1cccc(-c2[nH]c(C(C)(C)C)nc2-c2ccc3c(c2)OCO3)n1
(5Z)-7-Oxozeaenol,9863776,COc1cc(O)c2c(c1)/C=C/C[C@H](O)[C@H](O)C(=O)/C=C\C[C@H](C)OC2=O
OSI-930,9868037,O=C(Nc1ccc(OC(F)(F)F)cc1)c1sccc1NCc1ccnc2ccccc12
CP724714,9874913,COCC(=O)NC/C=C/c1ccc2ncnc(Nc3ccc(Oc4ccc(C)nc4)c(C)c3)c2c1
PI-103,9884685,Oc1cccc(-c2nc(N3CCOCC3)c3oc4ncccc4c3n2)c1
TPCA-1,9903786,NC(=O)Nc1sc(-c2ccc(F)cc2)cc1C(N)=O
TGX221,9907093,Cc1cc(C(C)Nc2ccccc2)c2nc(N3CCOCC3)cc(=O)n2c1
Zibotentan,9910224,COc1nc(C)cnc1NS(=O)(=O)c1cccnc1-c1ccc(-c2nnco2)cc1
Tivozanib,9911830,COc1cc2nccc(Oc3ccc(NC(=O)Nc4cc(C)on4)c(Cl)c3)c2cc1OC
ZM-447439,9914412,COc1cc2c(Nc3ccc(NC(=O)c4ccccc4)cc3)ncnc2cc1OCCCN1CCOCC1
AG-014699,9931953,CNCc1ccc(-c2[nH]c3cc(F)cc4c3c2CCNC4=O)cc1.O=P(O)(O)O
EHT 1864,9938202,Cl.Cl.O=c1cc(CN2CCOCC2)occ1OCCCCCSc1ccnc2cc(C(F)(F)F)ccc12
GW 441756,9943465,Cn1cc(/C=C2\C(=O)Nc3cccnc32)c2ccccc21
TAK-715,9952773,CCc1nc(-c2cccc(C)c2)c(-c2ccnc(NC(=O)c3ccccc3)c2)s1
CHIR-99021,9956119,Cc1cnc(-c2cnc(NCCNc3ccc(C#N)cn3)nc2-c2ccc(Cl)cc2Cl)[nH]1
YM201636,9956222,Nc1ccc(C(=O)Nc2cccc(-c3nc(N4CCOCC4)c4oc5ncccc5c4n3)c2)cn1
SB52334,9967941,Cc1cccc(-c2[nH]c(C(C)(C)C)nc2-c2ccc3nccnc3c2)n1
OSU-03012,10027278,NCC(=O)Nc1ccc(-n2nc(C(F)(F)F)cc2-c2ccc3c(ccc4ccccc43)c2)cc1
Masitinib,10074640,Cc1ccc(NC(=O)c2ccc(CN3CCN(C)CC3)cc2)cc1Nc1nc(-c2cccnc2)cs1
BX-795,10077147,O=C(NCCCNc1nc(Nc2cccc(NC(=O)N3CCCC3)c2)ncc1I)c1cccs1
AS601245,10109823,N#CC(c1ccnc(NCCc2cccnc2)n1)c1nc2ccccc2s1
Pazopanib,10113978,Cc1ccc(Nc2nccc(N(C)c3ccc4c(C)n(C)nc4c3)n2)cc1S(N)(=O)=O
selumetinib,10127622,Cn1cnc2c(F)c(Nc3ccc(Br)cc3Cl)c(C(=O)NOCCO)cc21
Afatinib,10184653,CN(C)C/C=C/C(=O)Nc1cc2c(Nc3ccc(F)c(Cl)c3)ncnc2cc1O[C@H]1CCOC1
BAY 61-3606,10200390,COc1ccc(-c2cc3nccn3c(Nc3ncccc3C(N)=O)n2)cc1OC
Saracatinib,10302451,CN1CCN(CCOc2cc(OC3CCOCC3)c3c(Nc4c(Cl)ccc5c4OCO5)ncnc3c2)CC1
VX-702,10341154,NC(=O)c1ccc(N(C(N)=O)c2c(F)cccc2F)nc1-c1ccc(F)cc1F
681640,10384072,O=C1NC(=O)c2c1c(-c1ccccc1Cl)cc1[nH]c3ccc(O)cc3c21
SL 0101-1,10459196,CC(=O)O[C@@H]1[C@@H](OC(C)=O)[C@@H](O)[C@H](Oc2c(-c3ccc(O)cc3)oc3cc(O)cc(O)c3c2=O)O[C@H]1C
PHA-665752,10461815,Cc1[nH]c(/C=C2\C(=O)Nc3ccc(S(=O)(=O)Cc4c(Cl)cccc4Cl)cc32)c(C)c1C(=O)N1CCC[C@@H]1CN1CCCC1
AZD7762,11152667,NC(=O)Nc1cc(-c2cccc(F)c2)sc1C(=O)N[C@H]1CCCNC1
YM155,11178236,COCCn1c2c([n+](Cc3cnccn3)c1C)C(=O)c1ccccc1C2=O.[Br-]
MP470,11282283,S=C(NCc1ccc2c(c1)OCO2)N1CCN(c2ncnc3c2oc2ccccc23)CC1
NU-7441,11327430,O=c1cc(N2CCOCC2)oc2c(-c3cccc4c3sc3ccccc34)cccc12
AT-7519,11338033,O=C(NC1CCNCC1)c1[nH]ncc1NC(=O)c1c(Cl)cccc1Cl
GSK429286A,11373846,CC1=C(C(=O)Nc2cc3cn[nH]c3cc2F)C(c2ccc(C(F)(F)F)cc2)CC(=O)N1
Obatoclax Mesylate,11404337,COc1c/c(=C2\C=c3ccccc3=N2)[nH]/c1=C\c1[nH]c(C)cc1C
Nutlin-3a (-),11433190,COc1ccc(C2=N[C@@H](c3ccc(Cl)cc3)[C@@H](c3ccc(Cl)cc3)N2C(=O)N2CCNC(=O)C2)c(OC(C)C)c1
TW 37,11455910,CC(C)c1ccccc1Cc1cc(C(=O)Nc2ccc(S(=O)(=O)c3ccccc3C(C)(C)C)cc2)c(O)c(O)c1O
Linifanib,11485656,Cc1ccc(F)c(NC(=O)Nc2ccc(-c3cccc4[nH]nc(N)c34)cc2)c1
FR-180204,11493598,Nc1[nH]nc2nnc(-c3c(-c4ccccc4)nn4ccccc34)cc12
JNJ-26854165,11609586,c1ccc2c(CCNc3ccc(Nc4ccncc4)cc3)c[nH]c2c1
GW-2580,11617559,COc1ccc(COc2ccc(Cc3cnc(N)nc3N)cc2OC)cc1
JNK Inhibitor VIII,11624601,CCOc1nc(NC(=O)Cc2cc(OC)ccc2OC)cc(N)c1C#N
CAL-101,11625818,CC[C@H](Nc1ncnc2nc[nH]c12)c1nc2cccc(F)c2c(=O)n1-c1ccccc1
Crizotinib,11626560,C[C@@H](Oc1cc(-c2cnn(C3CCNCC3)c2)cnc1N)c1c(Cl)ccc(F)c1Cl
KIN001-135,11626927,COc1cc2ncn(-c3cc(OCc4ccccc4S(C)(=O)=O)c(C#N)s3)c2cc1OC
VX-11e,11634725,Cc1cnc(Nc2ccc(F)cc2Cl)nc1-c1c[nH]c(C(=O)N[C@H](CO)c2cccc(Cl)c2)c1
Linsitinib,11640390,CC1(O)CC(c2nc(-c3ccc4ccc(-c5ccccc5)nc4c3)c3c(N)nccn23)C1
ZSTK474,11647372,FC(F)c1nc2ccccc2n1-c1nc(N2CCOCC2)nc(N2CCOCC2)n1
AMG-706,11667893,CC1(C)CNc2cc(NC(=O)c3cccnc3NCc3ccncc3)ccc21
AZ628,11676786,Cc1ccc(NC(=O)c2cccc(C(C)(C)C#N)c2)cc1Nc1ccc2ncn(C)c(=O)c2c1
Trametinib,11707110,CC(=O)Nc1cccc(-n2c(=O)n(C3CC3)c(=O)c3c(Nc4ccc(I)cc4F)n(C)c(=O)c(C)c32)c1
PF-562271,11713159,CN(c1ncccc1CNc1nc(Nc2ccc3c(c2)CC(=O)N3)ncc1C(F)(F)F)S(C)(=O)=O
BX-912,11754511,O=C(Nc1cccc(Nc2ncc(Br)c(NCCc3cnc[nH]3)n2)c1)N1CCCC1
WH-4-023,11844351,COc1ccc(N(C(=O)Oc2c(C)cccc2C)c2ccnc(Nc3ccc(N4CCN(C)CC4)cc3)n2)c(OC)c1
Veliparib,11960529,C[C@]1(c2nc3c(C(N)=O)cccc3[nH]2)CCCN1
BEZ235,11977753,Cn1c(=O)n(-c2ccc(C(C)(C)C#N)cc2)c2c3cc(-c4cnc5ccccc5c4)ccc3ncc21
TAE684,16038120,COc1cc(N2CCC(N3CCN(C)CC3)CC2)ccc1Nc1ncc(Cl)c(Nc2ccccc2S(=O)(=O)C(C)C)n1
GSK269962A,16095342,CCn1c(-c2nonc2N)nc2cnc(Oc3cccc(NC(=O)c4ccc(OCCN5CCOCC5)cc4)c3)cc21
CMK,16663089,Cc1ccc(-c2c(C(=O)CCl)n(CCCO)c3ncnc(N)c23)cc1
MLN4924,16720766,NS(=O)(=O)OC[C@@H]1C[C@@H](n2ccc3c(N[C@H]4CCc5ccccc54)ncnc32)C[C@@H]1O
TG101348,16722836,Cc1cnc(Nc2ccc(OCCN3CCCC3)cc2)nc1Nc1cccc(S(=O)(=O)NC(C)(C)C)c1
GSK690693,16725726,CCn1c(-c2nonc2N)nc2c(C#CC(C)(C)O)ncc(OC[C@H]3CCCNC3)c21
BHG712,16747388,Cc1ccc(C(=O)Nc2cccc(C(F)(F)F)c2)cc1Nc1nc(-c2cccnc2)nc2c1cnn2C
Z-LLNle-CHO,16760646,CCCCC(C=O)NC(=O)[C@H](CC(C)C)NC(=O)[C@@H](CC(C)C)NC(=O)OCc1ccccc1
GDC0941,17755052,CS(=O)(=O)N1CCN(Cc2cc3nc(-c4cccc5[nH]ncc45)nc(N4CCOCC4)c3s2)CC1
BMS-509744,20635522,COc1cc(C)c(Sc2cnc(NC(=O)c3ccc(CNC(C)C(C)C)cc3)s2)cc1C(=O)N1CCN(C(C)=O)CC1
OSI-027,23327890,CC1(C)[C@H]2CC[C@@]1(C)/C(=N/NC(=O)c1ccc(S(=O)(=O)N3CCCCCC3)cc1)C2
Olaparib,23725625,O=C(c1cc(Cc2n[nH]c(=O)c3ccccc23)ccc1F)N1CCN(C(=O)C2CC2)CC1
PLX4720,24180719,CCCS(=O)(=O)Nc1ccc(F)c(C(=O)c2c[nH]c3ncc(Cl)cc23)c1F
CUDC-101,24756910,C#Cc1cccc(Nc2ncnc3cc(OC)c(OCCCCCCC(=O)NO)cc23)c1
SNX-2112,24772860,CC1(C)CC(=O)c2c(C(F)(F)F)nn(-c3ccc(C(N)=O)c(NC4CCC(O)CC4)c3)c2C1
GDC0449,24776445,CS(=O)(=O)c1ccc(C(=O)Nc2ccc(Cl)c(-c3ccccn3)c2)c(Cl)c1
BMS-754807,24785538,C[C@@]1(C(=O)Nc2ccc(F)nc2)CCCN1c1nc(Nc2cc(C3CC3)[nH]n2)c2cccn2n1
AP-24534,24826799,Cc1ccc(C(=O)Nc2ccc(CN3CCN(C)CC3)c(C(F)(F)F)c2)cc1C#Cc1cnc2cccnn12
AC220,24889392,CC(C)(C)c1cc(NC(=O)Nc2ccc(-c3cn4c(n3)sc3cc(OCCN5CCOCC5)ccc34)cc2)no1
VNLG/124,24894414,CCCC(=O)OCc1ccc(OC(=O)/C=C(C)/C=C/C=C(C)/C=C/C2=C(C)CCCC2(C)C)cc1
CAY10603,24951314,CC(C)(C)OC(=O)Nc1ccc(-c2cc(C(=O)NCCCCCCC(=O)NO)no2)cc1
Navitoclax,24978538,CC1(C)CCC(c2ccc(Cl)cc2)=C(CN2CCN(c3ccc(C(=O)NS(=O)(=O)c4ccc(N[C@H](CCN5CCOCC5)CSc5ccccc5)c(S(=O)(=O)C(F)(F)F)c4)cc3)CC2)C1
GSK-650394,25022668,O=C(O)c1ccc(-c2c[nH]c3ncc(-c4ccccc4)cc23)cc1C1CCCC1
XL-184,25102847,COc1cc2nccc(Oc3ccc(NC(=O)C4(C(=O)Nc5ccc(F)cc5)CC4)cc3)c2cc1OC
GSK1904529A,25124816,CCc1cc(Nc2nccc(-c3c(-c4ccc(OC)c(C(=O)Nc5c(F)cccc5F)c4)nc4ccccn34)n2)c(OC)cc1N1CCC(N2CCN(S(C)(=O)=O)CC2)CC1
Ruxolitinib,25126798,N#CC[C@H](C1CCCC1)n1cc(-c2ncnc3[nH]ccc23)cn1
GSK2126458,25167777,COc1ncc(-c2ccc3nccc(-c4ccnnc4)c3c2)cc1NS(=O)(=O)c1ccc(F)cc1F
MPS-1-IN-1,25195352,COc1cc(N2CCC(O)CC2)ccc1Nc1cc(Nc2ccccc2S(=O)(=O)C(C)C)c2cc[nH]c2n1
JNK-9L,25222038,Fc1cc(-c2ccnc(Nc3ccc(-n4cnc(N5CCOCC5)n4)cc3)n2)cc(N2CCOCC2)c1
CX-5461,25257557,Cc1cnc(CNC(=O)c2c(=O)c3ccc(N4CCCN(C)CC4)nc3n3c2sc2ccccc23)cn1
AZD8055,25262965,COc1ccc(-c2ccc3c(N4CCOC[C@@H]4C)nc(N4CCOC[C@@H]4C)nc3n2)cc1CO
Foretinib,42642645,COc1cc2c(Oc3ccc(NC(=O)C4(C(=O)Nc5ccc(F)cc5)CC4)cc3F)ccnc2cc1OCCCN1CCOCC1
AZD6482,44137675,Cc1cc([C@@H](C)Nc2ccccc2C(=O)O)c2nc(N3CCOCC3)cc(=O)n2c1
KIN001-266,44143370,CCN1CCC(n2cc(CNc3cc(Cl)c4ncc(C#N)c(Nc5ccc(F)c(Cl)c5)c4c3)nn2)CC1
RDEA119,44182295,COc1cc(F)c(F)c(Nc2ccc(I)cc2F)c1NS(=O)(=O)C1(C[C@H](O)CO)CC1
Dabrafenib,44462760,CC(C)(C)c1nc(-c2cccc(NS(=O)(=O)c3c(F)cccc3F)c2F)c(-c2ccnc(N)n2)s1
CP466722,44551660,COc1cc2ncnc(-n3nc(-c4ccccn4)nc3N)c2cc1OC
YK 4-279,44632017,COc1ccc(C(=O)CC2(O)C(=O)Nc3c(Cl)ccc(Cl)c32)cc1
PHA-793887,46191454,CC(C)CC(=O)Nc1n[nH]c2c1CN(C(=O)C1CCN(C)CC1)C2(C)C
UNC0638,46224516,COc1cc2c(NC3CCN(C(C)C)CC3)nc(C3CCCCC3)nc2cc1OCCCN1CCCC1
XMD8-92,46843772,CCOc1cc(N2CCC(O)CC2)ccc1Nc1ncc2c(n1)N(C)c1ccccc1C(=O)N2C
XMD8-85,46844147,COc1cc(N2CCN(C)CC2)ccc1Nc1ncc2c(n1)N(C)c1ccccc1C(=O)N2C
BMS-708163,46883536,NC(=O)[C@@H](CCC(F)(F)F)N(Cc1ccc(-c2ncon2)cc1F)S(=O)(=O)c1ccc(Cl)cc1
GSK1070916,46885626,CCn1cc(-c2ccnc3[nH]c(-c4cccc(CN(C)C)c4)cc23)c(-c2ccc(NC(=O)N(C)C)cc2)n1
JQ1,46907787,Cc1sc2c(c1C)C(c1ccc(Cl)cc1)=N[C@@H](CC(=O)OC(C)(C)C)c1nnc(C)n1-2
MK-2206,46930998,Cl.Cl.NC1(c2ccc(-c3nc4ccn5c(=O)[nH]nc5c4cc3-c3ccccc3)cc2)CCC1
I-BET-762,46943432,CCNC(=O)C[C@@H]1N=C(c2ccc(Cl)cc2)c2cc(OC)ccc2-n2c(C)nnc21
CH5424802,49806720,CCc1cc2c(cc1N1CCC(N3CCOCC3)CC1)C(C)(C)c1[nH]c3cc(C#N)ccc3c1C2=O
WZ-1-84,49821040,C=CC(=O)N1CCCC(Nc2nc(Nc3ccc(N(C)C(=O)CC)cc3)nc3nc[nH]c23)C1
JW-7-52-1,49836027,CCC(=O)N1CCN(c2ccc(-n3c(=O)ccc4cnc5ccc(-c6cnc7ccccc7c6)cc5c43)cc2C(F)(F)F)CC1
HG-6-64-1,53302361,CCN1CCN(Cc2ccc(NC(=O)c3ccc(C)c(/C=C/c4cnc5[nH]ccc5c4OC)c3)cc2C(F)(F)F)CC1
NG-25,53340664,CCN1CCN(Cc2ccc(NC(=O)c3ccc(C)c(Oc4ccnc5[nH]ccc45)c3)cc2C(F)(F)F)CC1
LFM-A13,54676905,C/C(O)=C(\C#N)C(=O)Nc1cc(Br)ccc1Br
IOX2,54685215,O=C(O)CNC(=O)c1c(O)c2ccccc2n(Cc2ccccc2)c1=O
SGC0946,56962337,CC(C)N(CCCNC(=O)Nc1ccc(C(C)(C)C)cc1)C[C@H]1O[C@@H](n2cc(Br)c3c(N)ncnc32)[C@H](O)[C@@H]1O
KIN001-244,56965967,O=C(NC(COc1ccc2[nH]c(=O)[nH]c2c1)c1ccccc1)c1cccn(Cc2ccc(F)c(F)c2)c1=O
UNC1215,57339144,O=C(c1ccc(C(=O)N2CCC(N3CCCC3)CC2)c(Nc2ccccc2)c1)N1CCC(N2CCCC2)CC1
ZG-10,57340680,CN(C)C/C=C/C(=O)Nc1ccc(C(=O)Nc2cccc(Nc3nccc(-c4cccnc4)n3)c2)cc1
KIN001-270,66577006,Cc1ccc(Nc2cc(-c3cccc(N4C(=O)c5ccccc5C4=O)c3)ncn2)cc1NS(C)(=O)=O
PFI-1,71271629,COc1ccccc1S(=O)(=O)Nc1ccc2c(c1)CN(C)C(=O)N2
QL-XII-47,71748056,C=CC(=O)N1CCc2ccc(-n3c(=O)ccc4cnc5ccc(-c6cnn(C)c6)cc5c43)cc21
QL-X-138,73707530,C=CC(=O)Nc1cc(-n2c(=O)ccc3cnc4ccc(-c5cn[nH]c5)cc4c32)ccc1C
Cetuximab,85668777,C=C1N(CCCCCC(=O)O)c2ccccc2C1(C)C
AKT inhibitor VIII,135398501,O=c1[nH]c2ccccc2n1C1CCN(Cc2ccc(-c3[nH]c4cc5ncnc5cc4nc3-c3ccccc3)cc2)CC1
XAV939,135418940,O=c1[nH]c(-c2ccc(C(F)(F)F)cc2)nc2c1CSCC2
PAC-1,135421197,C=CCc1cccc(/C=N/NC(=O)CN2CCN(Cc3ccccc3)CC2)c1O
SB590885,135421339,CN(C)CCOc1ccc(-c2nc(-c3ccc4c(c3)CC/C4=N\O)c(-c3ccncc3)[nH]2)cc1
BMS-536924,135440466,Cc1cc(N2CCOCC2)cc2[nH]c(-c3c(NC[C@@H](O)c4cccc(Cl)c4)cc[nH]c3=O)nc12
KIN001-260,135465539,N#Cc1c(C2CCNCC2)cc(-c2c(O)cccc2OCC2CC2)nc1N
AUY922,135539077,CCNC(=O)c1noc(-c2cc(C(C)C)c(O)cc2O)c1-c1ccc(CN2CCOCC2)cc1
Talazoparib,135565082,Cn1ncnc1[C@H]1c2n[nH]c(=O)c3cc(F)cc(c23)N[C@@H]1c1ccc(F)cc1
BIX02189,135659062,CN(C)Cc1cccc(/N=C(\c2ccccc2)c2c(O)[nH]c3cc(C(=O)N(C)C)ccc23)c1
